chr_x	start_x	end_x	chr_y	start_y	end_y	anchor_ID_x	anchor_ID_y	loop_ID	fdr	detection_scale
chr10	63160000	63210000	chr10	63790000	63820000	10387	10394	10387_10394	0.095045904944136	4.52548339959391
chr15	74360000	74390000	chr15	74610000	74650000	14076	14077	14076_14077	0.0708308766541198	2.11121265723663
chr1	220670000	220690000	chr1	220750000	220780000	1415	1416	1415_1416	0.079111458638219	2.59920766833995
chr18	50500000	50520000	chr18	50780000	50800000	15744	15745	15744_15745	0.0548739711302424	3.2
chr2	231280000	231300000	chr2	231400000	231440000	2980	2981	2980_2981	0.0962278902437619	2.11121265723663
chr3	131780000	131810000	chr3	132010000	132060000	3877	3879	3877_3879	0.061306202369143	2.59920766833995
chr4	89610000	89640000	chr4	89870000	89920000	4747	4749	4747_4749	0.107509312623189	3.67583473599051
chr6	83070000	83080000	chr6	83200000	83240000	6775	6777	6775_6777	0.0858238663879677	2.59920766833995
