Frac_Saturation	N_Loops	N_Samples
0.9	18542.2023973591	27.3697233202108
0.95	19572.324752768	35.1555047526414
0.99	20396.422637095	54.2605055855219
