N_Samples	N_Loops_Mean	N_Loops_SEM
1	4000.43	139.870907477523
2	5888.09	128.553208018778
3	7124.7	123.883262498502
4	8238	114.075588089564
5	9148.02	111.521988573346
6	9913.04	106.099415853455
7	10755.15	101.872344732082
8	11418.04	95.9814259388374
9	12093.2	89.8260136445603
10	12766.55	80.0830987288841
11	13335.27	80.1777820744865
12	13938.87	75.1807124617919
13	14467.37	68.6052515217577
14	14995.14	61.6644225963514
15	15514.42	46.5243678521311
16	15995.6	34.160408887388
17	16474	0
