Cell_Line	observed	p	FDR
22Rv1	4081	0.000999000999000999	0.000999000999000999
LNCaP	3124	0.000999000999000999	0.000999000999000999
C4-2B	4689	0.000999000999000999	0.000999000999000999
LNCaP	3124	0.000999000999000999	0.000999000999000999
VCaP	3684	0.000999000999000999	0.000999000999000999
