Cell_Line	observed	p	FDR
22Rv1	4449	0.000999000999000999	0.000999000999000999
LNCaP	3298	0.000999000999000999	0.000999000999000999
C4-2B	4902	0.000999000999000999	0.000999000999000999
LNCaP	3298	0.000999000999000999	0.000999000999000999
VCaP	3863	0.000999000999000999	0.000999000999000999
