SampleID	p
PCa13266	0.994005994005994
PCa13848	0.245754245754246
PCa14121	0.803196803196803
PCa19121	0.0889110889110889
PCa3023	0.963036963036963
PCa33173	0.387612387612388
PCa40507	0.266733266733267
PCa51852	0.051948051948052
PCa53687	0.118881118881119
PCa56413	0.712287712287712
PCa57294	0.003996003996004
PCa58215	0.944055944055944
