Cell_Line	observed	p	FDR
22Rv1	368	0.000999000999000999	0.000999000999000999
LNCaP	174	0.000999000999000999	0.000999000999000999
C4-2B	213	0.000999000999000999	0.000999000999000999
LNCaP	174	0.000999000999000999	0.000999000999000999
VCaP	179	0.000999000999000999	0.000999000999000999
