target_id	gene_name	num_aggregated_transcripts	sum_mean_obs_counts	pval	qval	chr	start	end	strand
ENSG00000157554.19	ERG	13	53.6353379800621	7.29286413463605e-169	1.42546322375596e-164	chr21	38380027	38661780	-
ENSG00000157551.19	KCNJ15	2	6.52934783906559	0.320110493976882	0.521885037557105	chr21	38155549	38307357	+
ENSG00000184012.12	TMPRSS2	9	59.9663119592134	1.11530848411053e-07	5.84445566499313e-06	chr21	41464305	41531116	-
ENSG00000183486.13	MX2	9	36.3081204609942	7.90380796149567e-06	0.00021397206428725	chr21	41361999	41409393	+
ENSG00000157601.14	MX1	12	42.0672185203571	0.541774525612459	0.709515904698232	chr21	41420304	41459214	+
